index,count,mean,std,min,25%,50%,75%,max
Sales,844392.0,6955.514290755952,3104.214680428348,0.0,4859.0,6369.0,8360.0,41551.0
Customers,844392.0,762.7283951055907,401.2276743180319,0.0,519.0,676.0,893.0,7388.0
Promo,844392.0,0.44635193133047213,0.497113847514721,0.0,0.0,0.0,1.0,1.0
DCI,844392.0,1.0210649967193604,1.0069382190704346,0.016989875584840775,0.24756208062171936,0.6390590071678162,1.4885456562042236,4.450006008148193
CompetitionDistance,844392.0,5449.88134765625,7800.94140625,20.0,710.0,2330.0,6880.0,75860.0
SchoolHoliday,844392.0,0.19357952230717487,0.3951033734671867,0.0,0.0,0.0,0.0,1.0
