Method,ATE,CI_Lower,CI_Upper
Naive,2246.4610841754,2223.1651669551943,2269.757001395606
IPTW,2344.36289863582,,
Doubly Robust,967.9700019856597,544.1042787077283,1391.835725263591
