{
  "auc": {
    "train": 0.932861568644274,
    "test": 0.9740211646131843
  },
  "extreme_share": {
    "train_oof": 0.37105758474689515,
    "test": 0.48946443500366826
  },
  "trim_bounds": [
    0.1,
    0.9
  ]
}